name,url,description,employee-number,enabled,partnerships,products,people,founded,segments
BodiMojo,www.bodimojo.com,"BodiMojo is a health community web site for teens created in collaboration with teens and health experts, with initial funding from a National Institutes of Health grant. BodiMojo includes music, interactive tools, games, videos, community building, contests, original content, social networking, and customized user pages for teens.",,true,,,"undergrad-edu: 
last-name: Cousineau
founder: 
other-edu: 
personnel: 
grad-edu: 
previous-title: 
current-title: Founder
first-name: Tara
email: 

undergrad-edu: 
last-name: Cousineau
founder: 
other-edu: 
personnel: 
grad-edu: 
previous-title: 
current-title: Founder
first-name: Tara
email: 
",,"Patient/Consumer Communities, "
Emota,http:emota.net/home.html,"Emota is a pioneer in the field of Emotional Networking, which complements existing telehealth solutions to address not just clinical health, but emotional and social aspects of elder care. Using the latest science in Ambient Intelligence and Awareness Systems--a web enabled picture frame--Emota can help families and their elders communicate.",,true,,,"undergrad-edu: 
last-name: To
founder: true
other-edu: 
personnel: 
grad-edu: 
previous-title: 
current-title: CEO
first-name: Paul 
email: 

undergrad-edu: 
last-name: Work
founder: 
other-edu: 
personnel: 
grad-edu: 
previous-title: 
current-title: Head of Marketing & Strategic Corp Development
first-name: Mitch
email: 
",,"Patient/Consumer Communities, Patient-provider communication, "
FoundHealth,www.foundhealth.com,"FoundHealth is a website of information and solutions on the web where you can access and share health information from multiple health perspectives and sciences, connect with others like yourself and access professionals and resources.",,true,,,"undergrad-edu: 
last-name: Sharma
founder: 
other-edu: 
personnel: 
grad-edu: 
previous-title: 
current-title: President
first-name: Rita
email: 

undergrad-edu: 
last-name: Sharma
founder: 
other-edu: 
personnel: 
grad-edu: 
previous-title: 
current-title: President
first-name: Rita
email: 

undergrad-edu: 
last-name: Sharma
founder: 
other-edu: 
personnel: 
grad-edu: 
previous-title: 
current-title: CEO
first-name: Rita
email: 
",,"Patient/Consumer Communities, Content, "
HealthAngle,www.healthangle.com,"HealthAngle -- www.healthangle.com -- is an online community for patients, families and healthcare providers aimed at making surgery and medical procedures less stressful by allowing patients the opportunity to share their experiences with, and learn from, others.   ",,true,,,"undergrad-edu: 
last-name: Wilan
founder: 
other-edu: 
personnel: 
grad-edu: 
previous-title: 
current-title: Founder and President
first-name: Ken
email: 

undergrad-edu: 
last-name: Wilan
founder: 
other-edu: 
personnel: 
grad-edu: 
previous-title: 
current-title: Founder and President
first-name: Ken
email: 

undergrad-edu: 
last-name: Wilan
founder: 
other-edu: 
personnel: 
grad-edu: 
previous-title: 
current-title: Founder and President
first-name: Ken
email: 

undergrad-edu: 
last-name: Wilan
founder: 
other-edu: 
personnel: 
grad-edu: 
previous-title: 
current-title: Founder and President
first-name: Ken
email: 

undergrad-edu: 
last-name: Wilan
founder: 
other-edu: 
personnel: 
grad-edu: 
previous-title: 
current-title: Founder and President
first-name: Ken
email: 

undergrad-edu: 
last-name: Wilan
founder: 
other-edu: 
personnel: 
grad-edu: 
previous-title: 
current-title: Founder and President
first-name: Ken
email: 
",,"Patient/Consumer Communities, Search, "
Instera,www.instera.com,"Instera will operate an open, synergistic and complete electronics-enabled medical solution for independent medical practices and patients that delivers secure communications and integrates across networks, applications, data sources and emerging technologies. ",,true,,,"undergrad-edu: 
last-name: Karlovich
founder: 
other-edu: 
personnel: 
grad-edu: 
previous-title: 
current-title: Business Development & Strategy
first-name: Robert
email: 

undergrad-edu: 
last-name: Karlovich
founder: 
other-edu: 
personnel: 
grad-edu: 
previous-title: 
current-title: Business Development & Strategy
first-name: Robert
email: 

undergrad-edu: 
last-name: Karlovich
founder: 
other-edu: 
personnel: 
grad-edu: 
previous-title: 
current-title: Business Development & Strategy
first-name: Robert
email: 

undergrad-edu: 
last-name: Karlovich
founder: 
other-edu: 
personnel: 
grad-edu: 
previous-title: 
current-title: Business Development & Strategy
first-name: Robert
email: 

undergrad-edu: 
last-name: Karlovich
founder: 
other-edu: 
personnel: 
grad-edu: 
previous-title: 
current-title: Business Development & Strategy
first-name: Robert
email: 

undergrad-edu: 
last-name: Karlovich
founder: 
other-edu: 
personnel: 
grad-edu: 
previous-title: 
current-title: Business Development & Strategy
first-name: Robert
email: 

undergrad-edu: 
last-name: Karlovich
founder: 
other-edu: 
personnel: 
grad-edu: 
previous-title: 
current-title: CEO
first-name: Robert
email: 
",,"Patient/Consumer Communities, Search, Provider Search, Personal health assessments , Self Management tools , B2B--Administrative Tools, Data Utility Layer, "
IPGDx,www.ipgdx.com,IPGDx is a BioTechnology Firm providing medical measurement tools. PrognostiCheck® device provides a reliable and objective prognosis measurement and EFresh® device measures Food freshness and quality.,,false,,,"undergrad-edu: 
last-name: Kutzko
founder: 
other-edu: 
personnel: 
grad-edu: 
previous-title: 
current-title: COO
first-name: John
email: 

undergrad-edu: 
last-name: Kutzko
founder: 
other-edu: 
personnel: 
grad-edu: 
previous-title: 
current-title: COO
first-name: John
email: 

undergrad-edu: 
last-name: Kutzko
founder: 
other-edu: 
personnel: 
grad-edu: 
previous-title: 
current-title: COO
first-name: John
email: 

undergrad-edu: 
last-name: Kutzko
founder: 
other-edu: 
personnel: 
grad-edu: 
previous-title: 
current-title: COO
first-name: John
email: 

undergrad-edu: 
last-name: Kutzko
founder: 
other-edu: 
personnel: 
grad-edu: 
previous-title: 
current-title: COO
first-name: John
email: 

undergrad-edu: 
last-name: Kutzko
founder: 
other-edu: 
personnel: 
grad-edu: 
previous-title: 
current-title: 
first-name: John
email: 

undergrad-edu: 
last-name: Kutzko
founder: 
other-edu: 
personnel: 
grad-edu: 
previous-title: 
current-title: COO
first-name: John
email: 
",,"Patient/Consumer Communities, Personal health assessments , Self Management tools , Wellness, "
Collectively Wise,www.collectivelywise.com,"Collectively Wise is an online community resource and group blog for the sandwich generation discussing anything from Medicare, insurance, housing and more.",,true,,,"undergrad-edu: 
last-name: Luehrs
founder: 
other-edu: 
personnel: 
grad-edu: 
previous-title: 
current-title: 
first-name: Kirsten
email: 
",,"Patient/Consumer Communities, Content, "
23andMe,www.23andme.com,"23andMe is a personal genetics company which markets DNA analysis technologies and web-based interactive tools, as well as associated communities direct to consumers.",,true,,,,,"Patient/Consumer Communities, Personal health assessments , "
Alliance Health,www.alliancehealth.com,"Alliance Health creates social health networks that connect people to support communities for a growing number of health conditions and leverages a proprietary condition-specific social networking platform to delivery transformative value propositions to patients. Alliance Health supports 5 communities including Diabetic Connect.com, a social networking site for people affected by diabetes, Sleep Connect, Arthritis Connect, Back Pain Connect and Migraine Connect.",,true,,,"undergrad-edu: 
last-name: Burwell
founder: 
other-edu: 
personnel: 
grad-edu: 
previous-title: 
current-title: CEO
first-name: Stead
email: 
",,"Patient/Consumer Communities, "
BeWell,www.bewell.com,"BeWell connects members through both evidence based content and dialogue.  BeWell.com enables consumers to access a team of well-known doctors to hear what they think about health topics ranging from recent studies to news articles and lifestyle choices. BeWell is owned by Lluminari, Inc.",,true,,,"undergrad-edu: 
last-name: Browning
founder: 
other-edu: 
personnel: 
grad-edu: 
previous-title: 
current-title: CEO, Co-Founder
first-name: Elizabeth
email: 
",,"Content, Patient/Consumer Communities, "
Psych Central,www.psychcentral.com,"Psych Central is an independent mental health social network.  It also provides Mental health information, content and community.",,true,,,"undergrad-edu: 
last-name: Grohol
founder: 
other-edu: 
personnel: 
grad-edu: 
previous-title: 
current-title: CEO & Publisher
first-name: Dr. John
email: 

undergrad-edu: 
last-name: Grohol
founder: 
other-edu: 
personnel: 
grad-edu: 
previous-title: 
current-title: CEO & Publisher
first-name: Dr. John
email: 
",,"Patient/Consumer Communities, Content, "
CalorieKing,www.calorieking.com,"CalorieKing combines online diets, coaching and community for the treatment of obesity, and integrates them into systems that make possible the kind of healthcare team collaboration necessary to successfully treat a chronic recurring disease with multiple co-morbidities.",,true,,,"undergrad-edu: 
last-name: McGuinness
founder: 
other-edu: 
personnel: 
grad-edu: 
previous-title: 
current-title: CEO
first-name: Keith
email: 

undergrad-edu: 
last-name: McGuinness
founder: 
other-edu: 
personnel: 
grad-edu: 
previous-title: 
current-title: CEO
first-name: Keith
email: 
",,"Patient/Consumer Communities, Content, Self Management tools , Coaching and Advisory Services, "
FacetoFace Health,facetofacehealth.com,FacetoFace Health is a health community for connecting one-on-one with others who share similar health experiences. ,,true,,,"undergrad-edu: 
last-name: Outlaw
founder: 
other-edu: 
personnel: 
grad-edu: 
previous-title: 
current-title: President/CEO
first-name: Nowell
email: 

undergrad-edu: 
last-name: Outlaw
founder: 
other-edu: 
personnel: 
grad-edu: 
previous-title: 
current-title: President/CEO
first-name: Nowell
email: 

undergrad-edu: 
last-name: OUTLAW
founder: 
other-edu: 
personnel: 
grad-edu: 
previous-title: 
current-title: PRESIDENT
first-name: NOWELL
email: 
",,"Patient/Consumer Communities, "
Experience Project,experienceproject.com,"Experience Project allows users to anonymously connect about any life topic that matters to them and get support from peers. Health topics are the basis for our main communities (depression, sexual health, anxiety, diabetes, cancer, etc. are all large and active communities), but we also enable users to share more about their lives to be able to get a fuller emotional and psychological support.We reach nearly 2 million people every month, making us larger than most other health social sites.",,true,,,"undergrad-edu: 
last-name: Vasconcellos
founder: 
other-edu: 
personnel: 
grad-edu: 
previous-title: 
current-title: VP Business Development
first-name: Julio
email: 

undergrad-edu: 
last-name: Vasconcellos
founder: 
other-edu: 
personnel: 
grad-edu: 
previous-title: 
current-title: VP Business Development
first-name: Julio
email: 

undergrad-edu: 
last-name: Vasconcellos
founder: 
other-edu: 
personnel: 
grad-edu: 
previous-title: 
current-title: VP Business Development
first-name: Julio
email: 

undergrad-edu: 
last-name: Vasconcellos
founder: 
other-edu: 
personnel: 
grad-edu: 
previous-title: 
current-title: VP
first-name: Julio
email: 

undergrad-edu: 
last-name: Vasconcellos
founder: 
other-edu: 
personnel: 
grad-edu: 
previous-title: 
current-title: VP Business Development
first-name: Julio
email: 

undergrad-edu: 
last-name: Vasconcellos
founder: 
other-edu: 
personnel: 
grad-edu: 
previous-title: 
current-title: VP
first-name: Julio
email: 

undergrad-edu: 
last-name: Vasconcellos
founder: 
other-edu: 
personnel: 
grad-edu: 
previous-title: 
current-title: VP Business Development
first-name: Julio
email: 
",,"Patient/Consumer Communities, Content, "
WeAre.Us,weare.us,"WeAre.Us creates Social Support Networks, empowering patient communities to take control of their condition and their lives by providing knowledge, resources, and tools in a place of paramount relevancy.",,true,,,"undergrad-edu: 
last-name: Doogan
founder: 
other-edu: 
personnel: 
grad-edu: 
previous-title: 
current-title: Co-Founder and President
first-name: Declan 
email: 
",,"Patient/Consumer Communities, "
RareShare,www.rareshare.org,"The RareShare website currently hosts over 800 communities, each dedicated to a specific rare disease. Each community on the RareShare network is designed for people to share personal experiences, explore treatment options and find support among others affected by the same, or similar, rare disorder. ",,true,,,"undergrad-edu: 
last-name: Steele
founder: 
other-edu: 
personnel: 
grad-edu: 
previous-title: 
current-title: Co-founder
first-name: Eric
email: 

undergrad-edu: 
last-name: Steele
founder: 
other-edu: 
personnel: 
grad-edu: 
previous-title: 
current-title: Co-founder
first-name: Eric
email: 
",,"Patient/Consumer Communities, "
HealthyWage,www.healthywage.com,HealthyWage is a provider of health and wellness incentive programs for corporations to reward employees who make healthy choices.,,true,,,"undergrad-edu: 
last-name: Roddenberry
founder: 
other-edu: 
personnel: 
grad-edu: 
previous-title: 
current-title: Co-Founder
first-name: David
email: 

undergrad-edu: 
last-name: Roddenberry
founder: 
other-edu: 
personnel: 
grad-edu: 
previous-title: 
current-title: Co-Founder
first-name: David
email: 
",," Financial management , Wellness, Patient/Consumer Communities, Search, Content, Provider Search, Gaming, "
CaringBridge,www.caringbridge.org,"CaringBridge is a non-profit providing free private websites for people facing a serious health event, care and recovery. usually marketed through hospitals.",,true,,,"undergrad-edu: 
last-name: Stadelman
founder: 
other-edu: 
personnel: 
grad-edu: 
previous-title: 
current-title: Director of Marketing
first-name: Mike
email: 

undergrad-edu: 
last-name: Mehring
founder: 
other-edu: 
personnel: 
grad-edu: 
previous-title: 
current-title: Founder, Executive Director
first-name: Sona
email: 

undergrad-edu: 
last-name: Holm
founder: 
other-edu: 
personnel: 
grad-edu: 
previous-title: 
current-title: Media Relations Specialist
first-name: Melissa
email: 

undergrad-edu: 
last-name: Stadelman
founder: 
other-edu: 
personnel: 
grad-edu: 
previous-title: 
current-title: Director of Marketing
first-name: Mike
email: 

undergrad-edu: 
last-name: Mehring
founder: 
other-edu: 
personnel: 
grad-edu: 
previous-title: 
current-title: Founder and Executive Director
first-name: Sona
email: 

undergrad-edu: 
last-name: Holm
founder: 
other-edu: 
personnel: 
grad-edu: 
previous-title: 
current-title: Media Relations Specialist
first-name: Melissa
email: 
",,"Patient/Consumer Communities, "
Kinnexxus,www.kinnexxus.com,"Kinnexxus is a web-based service providing an easy-to-use communication and networking platform that creates a robust family support network, connecting seniors, friends and family, professional care providers, and the community in a secure, virtual Senior Ecosystem™",,true,,,"undergrad-edu: 
last-name: Dara-Abrams
founder: 
other-edu: 
personnel: 
grad-edu: 
previous-title: 
current-title: CEO and Chief Gerontechnology Officer
first-name: Benay
email: 

undergrad-edu: 
last-name: Pan
founder: 
other-edu: 
personnel: 
grad-edu: 
previous-title: 
current-title: Chief Medical Officer
first-name: Wayne
email: 

undergrad-edu: 
last-name: Dara-Abrams
founder: 
other-edu: 
personnel: 
grad-edu: 
previous-title: 
current-title: CEO and Chief Gerontechnology Officer
first-name: Benay
email: 
",,"Patient/Consumer Communities, Coaching and Advisory Services, "
Lybba,www.lybba.org,"Lybba is a non-profit organization that uses research, design, technology, and media to drive change in health care.  The group has 3 areas of focus:  1) Translational research, 2) Patient empowerment, and 3) Clinical improvement. Lybba was founded by filmaker Jesse Dylan (yes, he......s Bob's son).",,true,,,"undergrad-edu: 
last-name: McGovern
founder: 
other-edu: 
personnel: 
grad-edu: 
previous-title: 
current-title: Chief of Staff
first-name: Patrick
email: 

undergrad-edu: 
last-name: McGovern
founder: 
other-edu: 
personnel: 
grad-edu: 
previous-title: 
current-title: Chief of Staff
first-name: Patrick
email: 

undergrad-edu: 
last-name: Fore
founder: 
other-edu: 
personnel: 
grad-edu: 
previous-title: 
current-title: Executive Director
first-name: David
email: 
",,"Patient/Consumer Communities, Content, Stealth/Not Launched, "
Association Vivre sans Thyroide,www.forum-thyroide.net,"Association for thyroid patients, in French language. Based in France, but open to patients all over the world, the association provides information(e.g., articles, documents, guidelines) and hosts a web forum with 9400 registered users, 3500 views and 100 messages per day, run by patients on a volunteer basis. The association also organizes patient information events. ",,true,,,"undergrad-edu: 
last-name: Bart
founder: 
other-edu: 
personnel: 
grad-edu: 
previous-title: 
current-title: Mrs
first-name: Beate
email: 

undergrad-edu: 
last-name: Bartès
founder: 
other-edu: 
personnel: 
grad-edu: 
previous-title: 
current-title: Mrs
first-name: Beate
email: 
",,"Patient/Consumer Communities, "
GiveForward,www.giveforward.org,"GiveForward provides personal fundraising pages to raise money for loved ones' medical expenses like cancer treatments and organ transplants.    Basically, we make it VERY easy for people from all around the world to contribute online to their friends and family members' health.  Here is an example of a recent page that raised over $80,000 for a cancer treatment in just over 3 weeks time.  http:www.giveforward.org/johan  Here are some user testimonials from our users  http:www.giveforward.org/blog/testimonials-from-some-of-our-loving-users  The Chicago Tribune has called us ""the future of medical fundraising in the Internet Age.""  In little over a year, we have helped people raise $1,000,000 to pay for life-saving medical procedures and cancer treatments. I lost my dad to colon cancer when I was 13.  It's something I have been passionate ever since.   I run marathons in a banana costume to fight cancer.    http:www.youthnoise.com/playcity/blog/view/19384  I failed the CA bar the first time I took it.  For a year, I was the top rated author at a humor website called Guidespot  http:www.guidespot.com/authors/elguapo  I am a burrito eating champion.  My favorite ""sporting event"" in the world is Bay to Breakers.  I'm deathly afraid of pigeons.  I would be a super-interesting speaker at your event ",,false,,,"undergrad-edu: 
last-name: Austin
founder: 
other-edu: 
personnel: 
grad-edu: 
previous-title: 
current-title: co-founder and second banana
first-name: Ethan
email: 

undergrad-edu: 
last-name: Austin
founder: 
other-edu: 
personnel: 
grad-edu: 
previous-title: 
current-title: co-founder and second banana
first-name: Ethan
email: 

undergrad-edu: 
last-name: Austin
founder: 
other-edu: 
personnel: 
grad-edu: 
previous-title: 
current-title: Co-founder and 2nd Banana
first-name: Ethan
email: 

undergrad-edu: 
last-name: Austin
founder: 
other-edu: 
personnel: 
grad-edu: 
previous-title: 
current-title: co-founder and second banana
first-name: Ethan
email: 

undergrad-edu: 
last-name: Austin
founder: 
other-edu: 
personnel: 
grad-edu: 
previous-title: 
current-title: Co-founder and 2nd Banana
first-name: Ethan
email: 
",,"Patient/Consumer Communities, Search,  Financial management , "
Angeli Noonan,www.angelinoonan.it,"Italian patients...... association for the Noonan Syndrome, providing web content, social networks about Noonan Syndrome and related syndromes (CFC, Costello, Leopard).",,true,,,"undergrad-edu: 
last-name: petroni
founder: 
other-edu: 
personnel: 
grad-edu: 
previous-title: 
current-title: vice-president, treasurer
first-name: angelo
email: 
",,"Patient/Consumer Communities, Content, "
Children......s Rare Disease Network,http:www.crdnetwork.org/,"The Children’s Rare Disease Network is working to create greater public awareness for rare disease, while connecting, educating and empowering the millions of families and caregivers affected, through an online community and collaborative portal.",,true,,,"undergrad-edu: 
last-name: Boice
founder: 
other-edu: 
personnel: 
grad-edu: 
previous-title: 
current-title: CEO
first-name: Nicole
email: 
",,"Patient/Consumer Communities, Content, "
CarePages,www.carepages.com,"CarePages websites are free patient blogs that connect friends and family during a health challenge, mostly marketed through hospitals. Carepages was purchased by Revolution Health and is now part of EveryDay Health.",,true,,,"undergrad-edu: 
last-name: Langshur
founder: 
other-edu: 
personnel: 
grad-edu: 
previous-title: 
current-title: Chief Executive Officer
first-name: Eric
email: 
",,"Patient/Consumer Communities, "
PEERtrainer,www.peertrainer.com,"PEERtrainer is a social networkingwebsite  dedicated to helping people  improve their eating, their movement and their health through group and peer support, articles, forums and blogs.  PEERtrainer also offers a variety of coaching programs for fitness and health. ",,true,,,"undergrad-edu: 
last-name: Wicks
founder: 
other-edu: 
personnel: 
grad-edu: 
previous-title: 
current-title: CEO
first-name: Habib
email: 
",,"Patient/Consumer Communities, Content, Wellness, Self Management tools , "
CareFlash,www.careflash.com,"CareFlash offers free personal websites for sharinghealth updates, information andwell wishes with friends and familyduring illness, injury, pregnancyand childbirth. ",,true,,,"undergrad-edu: 
last-name: Drayer
founder: 
other-edu: 
personnel: 
grad-edu: 
previous-title: 
current-title: CEO
first-name: Jay
email: 
",,"Patient/Consumer Communities, "
Inspire,www.inspire.com,"Inspire provides communities for several patient organizations including  Discovery Health, and a breast cancer community in collaboration with 10 leading breast cancer patient advocacy groups.",,true,,,"undergrad-edu: 
last-name: Loew
founder: 
other-edu: 
personnel: 
grad-edu: 
previous-title: 
current-title: CEO
first-name: Brian
email: 

undergrad-edu: 
last-name: Lewkowicz
founder: 
other-edu: 
personnel: 
grad-edu: 
previous-title: 
current-title: Co-founder and Vice President for Partnerships
first-name: Amir
email: 
",,"Patient/Consumer Communities, "
Caring.com,www.caring.com,"Caring.com provides practical information, easy-to-use tools, and personal support about caring for aging parents. It also provides a community and reliable advice on products and services. Caring.com bought the Gilbert Guides, a directory of nursing homes and services in 2009.",,true,,,"undergrad-edu: 
last-name: Cohen
founder: 
other-edu: 
personnel: 
grad-edu: 
previous-title: 
current-title: CEO and Co Founder
first-name: Andy
email: 
",,"Content, Patient/Consumer Communities, "
Revolution Health,www.revolutionhealth.com,"Revolution Health was one of the first major Health 2.0 sites, founded by Steve Case. It was sold to EveryDay Health in 2008 (was a fire sale!)",,true,,,,,"Patient/Consumer Communities, Content, Provider Search, "
Takes All Types,www.takesalltypes.org,"Takes All Types, Inc. (TAT) is a non-profit effort to recruit a new generation of blood donor volunteers and alert them when their particular type of blood is needed in their local community.",,true,,,"undergrad-edu: 
last-name: Bergman
founder: 
other-edu: 
personnel: 
grad-edu: 
previous-title: 
current-title: Executive Director
first-name: Ben
email: 
",,"Patient/Consumer Communities, "
HealthTalker,www.healthtalker.com,HealthTalker uses word of mouth to help improve the patient-physician dialogue by connecting patients with people in their social network to share their experiences using prescription drugs.,,true,,,"undergrad-edu: 
last-name: Levitt
founder: 
other-edu: 
personnel: 
grad-edu: 
previous-title: 
current-title: Founder
first-name: Andrew
email: 
",,"Patient/Consumer Communities, Provider Search, Patient-provider communication, "
RealSelf.com,www.realself.com,"RealSelf.com is a health and beauty community that serves consumers interested in discretionary health purchases, primarily aesthetic services like cosmetic treatments and plastic surgery.",,true,,,"undergrad-edu: 
last-name: Seery
founder: 
other-edu: 
personnel: 
grad-edu: 
previous-title: 
current-title: President & Founder
first-name: Thomas
email: 
",,"Patient/Consumer Communities, Content, Provider Search, "
iMedix,www.imedix.com,"iMedix is a Health community site that helps patients find and share health information. Members of the iMedix community can connect to each other via a search tool that leeds them into a society network.  It is easy to share experiences and rank medical content in order to make health information personal, organized and accessible to everyone. ",,true,,,"undergrad-edu: 
last-name: Amirav
founder: 
other-edu: 
personnel: 
grad-edu: 
previous-title: 
current-title: Co-founder
first-name: Iri
email: 

undergrad-edu: 
last-name: Amirav
founder: 
other-edu: 
personnel: 
grad-edu: 
previous-title: 
current-title: Co-founder
first-name: Iri
email: 

undergrad-edu: 
last-name: Leitersdorf
founder: 
other-edu: 
personnel: 
grad-edu: 
previous-title: 
current-title: CEO
first-name: Amir 
email: 

undergrad-edu: 
last-name: Amirav
founder: 
other-edu: 
personnel: 
grad-edu: 
previous-title: 
current-title: Co-founder
first-name: Iri
email: 
",,"Patient/Consumer Communities, Search, Content, Clinical trials search , "
Starbright World,www.starbrightworld.org,"Starlight Children......s Foundation has created a menu of outpatient, hospital-based and Web offerings that provide ongoing support for children and families from diagnosis through the entire course of medical treatment. Programs include web-based disease management and intervention tools, educational gaming that teach children with asthma, sickle cell, kidney disease and cystic fibrosis to manage and cope with their disease, and social networking sites for seriously ill teens called Starbright World, since 1995. The network mimics a My Space type of environment for sick teens. ",,true,,,"undergrad-edu: 
last-name: Ford
founder: 
other-edu: 
personnel: 
grad-edu: 
previous-title: 
current-title: VP Technology and Strategic Initiatives
first-name: Joan
email: 
",,"Patient/Consumer Communities, "
Trusera,www.trusera.com,Trusera is an online community that opened in 2007 and closed in 2009.,,false,,,"undergrad-edu: 
last-name: Schorsch
founder: 
other-edu: 
personnel: 
grad-edu: 
previous-title: 
current-title: Founder and CEO
first-name: Keith
email: 
",,"Patient/Consumer Communities, Out of business, "
iWantGreatCare,www.iwantgreatcare.org,iWantGreatCare is a service to capture and understand the true patient experience across all aspects of healthcare in the UK.,,true,,,"undergrad-edu: 
last-name: Bacon
founder: 
other-edu: 
personnel: 
grad-edu: 
previous-title: 
current-title: Dr
first-name: Neil
email: 

undergrad-edu: 
last-name: Bacon
founder: 
other-edu: 
personnel: 
grad-edu: 
previous-title: 
current-title: Dr
first-name: Neil
email: 

undergrad-edu: 
last-name: Bacon
founder: 
other-edu: 
personnel: 
grad-edu: 
previous-title: 
current-title: Dr
first-name: Neil
email: 
",,"Patient/Consumer Communities, Provider Search, "
Intent,www.intent.com,"Intent is a wellness destination for capturing and sharing peoples intentions – personal, social, spiritual and environmental.",,true,,,"undergrad-edu: 
last-name: Fairchild
founder: 
other-edu: 
personnel: 
grad-edu: 
previous-title: 
current-title: 
first-name: Jara
email: 

undergrad-edu: 
last-name: Fairchild
founder: 
other-edu: 
personnel: 
grad-edu: 
previous-title: 
current-title: 
first-name: Jara
email: 

undergrad-edu: 
last-name: Fairchild
founder: 
other-edu: 
personnel: 
grad-edu: 
previous-title: 
current-title: 
first-name: Jara
email: 
",,"Patient/Consumer Communities, Wellness, Other, "
My Health Village,www.myhealthvillage.com,"MyHealthVillage is an online community and health management tools provider, with the goal of motivating employees, consumers and patients to achieve real health improvement. From MyHealthVillage.com, users can also access online tools and a Personal Health Guide, a live qualified health guide who can support users at every step towards their health goal. MyHealthVillage is owned by Longitude Health.",,true,,,"undergrad-edu: 
last-name: Swaney
founder: 
other-edu: 
personnel: 
grad-edu: 
previous-title: 
current-title: Chief Medical Officer
first-name: Jan
email: 

undergrad-edu: 
last-name: Korman
founder: 
other-edu: 
personnel: 
grad-edu: 
previous-title: 
current-title: 
first-name: Tracey
email: 
",,"Patient/Consumer Communities, Self Management tools , Coaching and Advisory Services, "
My Bridge 4 Life,www.mybridge4life.com,"My Bridge 4 Life is a wellness network designed to help patients, caregivers, supporters and individuals create a personalized wellness plan.My Bridge 4 Life provides tools that reduce the overwhelming nature of a life threatening diagnosis into manageable phases, including appointment scheduling tools, customizable online communities so that users can gather their strongest allies, including their medical professionals, and unite them as an integrated part of their wellness journey.  4 Life is  a database of real world advice from people who have been through what the new users are facing now.",,true,,,"undergrad-edu: 
last-name: Holzberg
founder: 
other-edu: 
personnel: 
grad-edu: 
previous-title: 
current-title: Founder
first-name: Roger
email: 
",,"Content, Self Management tools , Patient/Consumer Communities, "
HealthCentral,www.healthcentral.com,"HealthCentral is comprised of highly targeted condition and wellness specific interactive health sites where consumers and vetted experts share real-life, health-related experiences and information.",,true,,,"undergrad-edu: 
last-name: Schroeder
founder: 
other-edu: 
personnel: 
grad-edu: 
previous-title: 
current-title: CEO
first-name: Chris
email: 

undergrad-edu: 
last-name: Allman
founder: 
other-edu: 
personnel: 
grad-edu: 
previous-title: 
current-title: GM
first-name: Bill
email: 

undergrad-edu: 
last-name: Fitzgerald
founder: 
other-edu: 
personnel: 
grad-edu: 
previous-title: 
current-title: Director Software Development
first-name: Greg
email: 
",,"Patient/Consumer Communities, Search, Content, Self Management tools , Wellness, "
MedHelp,www.medhelp.org,"MedHelp is a provider of online health communities. The MedHelp site connects people with leading medical experts and others who have similar experiences.MedHelp has long-standing partnerships with the Cleveland Clinic, National Jewish, Partners Health, and Mount Sinai. MedHelp helps patients actively manage their health, through its condition-specific health applications and Personal Health Records (PHRs, tracking over 1500 symptoms and treatments on a daily basis as it relates to the progression of users...... medical conditions.",,true,,,"undergrad-edu: 
last-name: de Souza
founder: 
other-edu: 
personnel: 
grad-edu: 
previous-title: 
current-title: CEO 
first-name: John
email: 

undergrad-edu: 
last-name: Hassounah
founder: false
other-edu: 
personnel: 
grad-edu: 
previous-title: 
current-title: VP, Engineering
first-name: Khaled 
email: 
",,"Patient/Consumer Communities, Content, Self Management tools , "
Healthwise,www.healthwise.org,"Healthwise is a non-profit organization focused on developing referenced, up to date and unbiased consumer health content to help people make health decisions.",,true,,,"undergrad-edu: 
last-name: Kelly Hall
founder: 
other-edu: 
personnel: 
grad-edu: 
previous-title: 
current-title: Senior Vice President of Ix Solutions
first-name: Leslie
email: 

undergrad-edu: 
last-name: Cabinaw
founder: 
other-edu: 
personnel: 
grad-edu: 
previous-title: 
current-title: Director, User Experience
first-name: Julie
email: 

undergrad-edu: 
last-name: Lanzet
founder: 
other-edu: 
personnel: 
grad-edu: 
previous-title: 
current-title: National Director, Late Life Care Innovations
first-name: Steven
email: 

undergrad-edu: 
last-name: Brzezicki
founder: 
other-edu: 
personnel: 
grad-edu: 
previous-title: 
current-title: Senior Product Manager
first-name: Carolyn
email: 

undergrad-edu: 
last-name: Mettler
founder: 
other-edu: 
personnel: 
grad-edu: 
previous-title: 
current-title: Senior Vice President, Mission
first-name: Molly 
email: 

undergrad-edu: 
last-name: Blandford
founder: 
other-edu: 
personnel: 
grad-edu: 
previous-title: 
current-title: 
first-name: Marci
email: 

undergrad-edu: 
last-name: Cabinaw
founder: 
other-edu: 
personnel: 
grad-edu: 
previous-title: 
current-title: Director, User Experience
first-name: Julie
email: 

undergrad-edu: 
last-name: Kelly Hall
founder: 
other-edu: 
personnel: 
grad-edu: 
previous-title: 
current-title: Senior Vice President of Ix Solutions
first-name: Leslie
email: 

undergrad-edu: 
last-name: Kemper
founder: 
other-edu: 
personnel: 
grad-edu: 
previous-title: 
current-title: CEO
first-name: Don
email: 

undergrad-edu: 
last-name: Lanzet
founder: 
other-edu: 
personnel: 
grad-edu: 
previous-title: 
current-title: National Director, Late Life Care Innovations
first-name: Steven
email: 

undergrad-edu: 
last-name: Kelly Hall
founder: 
other-edu: 
personnel: 
grad-edu: 
previous-title: 
current-title: Senior Vice President of Ix Solutions
first-name: Leslie
email: 

undergrad-edu: 
last-name: Cabinaw
founder: 
other-edu: 
personnel: 
grad-edu: 
previous-title: 
current-title: Director, User Experience
first-name: Julie
email: 

undergrad-edu: 
last-name: Lanzet
founder: 
other-edu: 
personnel: 
grad-edu: 
previous-title: 
current-title: National Director, Late Life Care Innovations
first-name: Steven
email: 

undergrad-edu: 
last-name: Brzezicki
founder: 
other-edu: 
personnel: 
grad-edu: 
previous-title: 
current-title: Senior Product Manager
first-name: Carolyn
email: 

undergrad-edu: 
last-name: Mettler
founder: 
other-edu: 
personnel: 
grad-edu: 
previous-title: 
current-title: Senior Vice President, Mission
first-name: Molly 
email: 
",,"Patient/Consumer Communities, Content, Patient-provider communication, "
Telehealth Mashup (IBM),www.ibm.com,Telehealth Mashup is a pilot program developed by IBM that shows how composite applications can be used by healthcare professionals to provide more effective care by being able to tailor their “view” of a patient.  This creates a personalized “network effect” with gives health care providers a more holistic view of their patient’s well being. We believe that combining the power of social networks with telehealth and remote monitoring solutions creates a “platform” for the next revolution in personalized health care. ,,true,,,"undergrad-edu: 
last-name: Weitzel
founder: 
other-edu: 
personnel: 
grad-edu: 
previous-title: 
current-title: Senior Technical Staff Member
first-name: Mark
email: 
",,"Patient/Consumer Communities, Patient-provider communication, Content, "
I......m Too Young For This! Cancer Foundation,i2y.com,"I’m Too Young For This empowers young adults affected by cancer by reducing late detection, ending isolation, improving quality of life and providing meaningful survivorship.Uses aggregated social medial utilities to organize, mobilize and monetize an affinity market both online and offline.",,true,,,"undergrad-edu: 
last-name: Zachary
founder: 
other-edu: 
personnel: 
grad-edu: 
previous-title: 
current-title: Founder/CEO
first-name: Matthew
email: 
",,"Patient/Consumer Communities, Content, Clinical trials search , Self Management tools , "
BrainTalk,http:braintalkcommunities.org/forums/,BrainTalk is a non-profit corporation operating as a public charity to provide online support groups for Neurology. It......s one of the oldest and largest communities on the web.,,true,,,"undergrad-edu: 
last-name: 
founder: 
other-edu: 
personnel: 
grad-edu: 
previous-title: 
current-title: 
first-name: 
email: 
",,"Patient/Consumer Communities, "
Pypeline Health,www.mypypeline.com,"Pypeline Health provides online fitness videos and training programs on demand.  Pypeline also has an online community for fitness which allows users to create their own fitness groups or find an existing one, locate a fitness trainer or workout partner.",,true,,,"undergrad-edu: 
last-name: Bogart
founder: 
other-edu: 
personnel: 
grad-edu: 
previous-title: 
current-title: VP Marketing + Media Delivery
first-name: David
email: 
",,"Content, Wellness, Patient/Consumer Communities, "
dLife,dlife.com,"dLife is a diabetes disease management platform. dLife connects  millions of diabetes patients, consumers, and caregivers and in the process impact engagement and health outcome. dLife.com has a suite of products including its community site which has registered 28,000 users, and offers User Profile, Photo Sharing, Groups and Blogging.  Over 100 different diabetes groups have been created organically from the community proving that the web continues to be a most important tool in connecting people living with a disease with others that are just like them. ",,true,,,"undergrad-edu: 
last-name: Zegras
founder: 
other-edu: 
personnel: 
grad-edu: 
previous-title: 
current-title: Chief Operating Officer
first-name: Gregg
email: 

undergrad-edu: 
last-name: Steinberg
founder: true
other-edu: 
personnel: 
grad-edu: 
previous-title: 
current-title: CEO
first-name: Howard
email: 
",,"Patient/Consumer Communities, Content, "
MDinfo.com,www.mdinfo.com,"MDinfo is a health portal dedicated to fostering constructive dialogue between health experts and ordinary people throughout the world.  MDinfo utilizes social media and viral marketing to organically build health brands.  The site has over 2.5 million monthly global users and over 125,000 registered members.",,true,,,"undergrad-edu: 
last-name: Bloom
founder: 
other-edu: 
personnel: 
grad-edu: 
previous-title: 
current-title: Co-Founder
first-name: Jeremy 
email: 
",,"Patient/Consumer Communities, Content, "
National Medical Association,www.nmanet.org,"NMA is working on a health 2.0 community targeting African Americans, the English Speaking Caribbean and English Speaking Africa",,false,,,"undergrad-edu: 
last-name: LeNoir
founder: 
other-edu: 
personnel: 
grad-edu: 
previous-title: 
current-title: MD
first-name: Michael 
email: 
",,"Patient/Consumer Communities, Other, "
HealthCareScoop.com,www.thehealthcarescoop.com,HealthCareScoop.com enables people to share their stories and gives them the possibility to learn from other people......s medical experiences. Owned and operated by Blue Cross Blue Shield of Minnesota. Note: Companion site Healthcarefacts.com currently not in operation. ,,true,,,"undergrad-edu: 
last-name: Stump
founder: 
other-edu: 
personnel: 
grad-edu: 
previous-title: 
current-title: CEO
first-name: MaryAnn
email: 
",,"Patient/Consumer Communities, "
CureTogether,www.curetogether.com,"CureTogether helps people anonymously track and compare health data, to better understand their bodies, make more informed treatment decisions and contribute data to research. Currently about 10,000 people have recorded and shared  data about hundreds of conditions.",2,true,,,"undergrad-edu: 
last-name: Reda
founder: true
other-edu: 
personnel: 
grad-edu: 
previous-title: 
current-title: Co-founder
first-name: Daniel
email: 

undergrad-edu: 
last-name: Carmichae
founder: true
other-edu: 
personnel: 
grad-edu: 
previous-title: 
current-title: Co-founder
first-name: Alexandra
email: 
",2008-01-01,"Patient/Consumer Communities, "
Discovery Health,www.discoveryhealth.com,"Discovery is a leader in communicating health information.  We are the world......s largest non-fiction media brand, combining TV, Web and on-demand video, with community forums (powered by Inspire, Inc.)",,true,,,"undergrad-edu: 
last-name: Whyte
founder: 
other-edu: 
personnel: 
grad-edu: 
previous-title: 
current-title: Chief Medical Expert
first-name: John
email: 
",,"Patient/Consumer Communities, Content, "
Daily Strength,www.dailystrength.org,"DailyStrength, one of the first Health 2.0 community sites, hosts online support groups for health and wellness. It was built to enable people facing life challenges to simply and easily communicate their progress with friends, family, supporters, and have those people respond with encouragement and help. DailyStrength was bought by ShareCare in 2009.",,true,,,,,"Patient/Consumer Communities, "
Diabetic Connect,www.diabeticconnect.com,"Diabetic Connect, owned by Alliance Health, is a social network for people with diabetes and related conditions.  Diabetic Connect enables users to start conversations, share recipes, purchase diabetic products, leave reviews of products and drugs and much more.",,true,,,"undergrad-edu: 
last-name: Tenderich
founder: false
other-edu: 
personnel: 
grad-edu: 
previous-title: 
current-title: Community Manager
first-name: Amy
email: 

undergrad-edu: 
last-name: Crowley
founder: false
other-edu: 
personnel: 
grad-edu: 
previous-title: 
current-title: Caregiver Advocate
first-name: John
email: 

undergrad-edu: 
last-name: Preset
founder: false
other-edu: 
personnel: 
grad-edu: 
previous-title: 
current-title: Patient Advocate
first-name: Gaby
email: 

undergrad-edu: 
last-name: Sloan
founder: false
other-edu: 
personnel: 
grad-edu: 
previous-title: 
current-title: Certified Diabetes Educator
first-name: Susan
email: 
",,"Patient/Consumer Communities, "
Disaboom,www.disaboom.com,"Disaboom.com provides information and resources for people with disabilities. Disaboom.com has lifestyle articles, blogs, forums, and health information provide shared knowledge about SCI, cerebral palsy, fibromyalgia, multiple sclerosis, and other disabilities. It is viewed by up to 150k unique visitors per month.",,true,,,"undergrad-edu: 
last-name: House, MD
founder: 
other-edu: 
personnel: 
grad-edu: 
previous-title: 
current-title: Chief Medical Officer 
first-name: Glen
email: 
",,"Patient/Consumer Communities, Content, "
Drgreene.com,www.drgreene.com,"Drgreene.com is a health information website by Dr. Alan Greene, MD. The website providesregular, up-to-date and accurate information on all the topics important in family health. Members of the Drgreene.com community can participate in chats, contribute to a database of articles, share their favorite baby names and offer feedback and resources on the website......s blogs.",,true,,,"undergrad-edu: 
last-name: Greene
founder: 
other-edu: 
personnel: 
grad-edu: 
previous-title: 
current-title: 
first-name: Alan
email: 
",,"Patient/Consumer Communities, Content, "
eHealth Forum,www.ehealthforum.com,"eHealth Forum is an online health community that attracts 2,300,000  unique monthly visitors. The site hosts 200  medical forums that generate user-based health information. The site is an interactive, 100% professionally moderated social network.",,true,,,"undergrad-edu: 
last-name: 
founder: 
other-edu: 
personnel: 
grad-edu: 
previous-title: 
current-title: 
first-name: 
email: 
",,"Patient/Consumer Communities, Content, "
Everyday Health,www.everydayhealth.com,"Major consumer content site and network. Everyday Health provides consumers with health and wellness information from more than 60 condition centers and features 20 nationally-recognized specialists from leading medical institutions. Has Everyday Health flagship site, plus South beach Diet, What to Expect, Jillian Michaels, and many well known brand names in network. Increasingly has been beating WebMD in Comscore ratings.",,false,,"date-launched: 
product: 
description: 
name: Everydayhealth.com
","undergrad-edu: 
last-name: Wolin
founder: true
other-edu: 
personnel: 
grad-edu: 
previous-title: 
current-title: CEO
first-name: Benjamin 
email: 

undergrad-edu: 
last-name: Keriakos
founder: true
other-edu: 
personnel: 
grad-edu: 
previous-title: 
current-title: President
first-name: Michael
email: 

undergrad-edu: 
last-name: Cooper
founder: false
other-edu: 
personnel: 
grad-edu: 
previous-title: 
current-title: Executive Vice President and Chief Financial Officer
first-name: Brian
email: 

undergrad-edu: 
last-name: Errico
founder: false
other-edu: 
personnel: 
grad-edu: 
previous-title: 
current-title: Senior Vice President and General Manager, Long-Term Licensed Properties
first-name: Vince
email: 

undergrad-edu: 
last-name: Farag
founder: false
other-edu: 
personnel: 
grad-edu: 
previous-title: 
current-title: Senior Vice President, New Business Development
first-name: Karim
email: 

undergrad-edu: 
last-name: Jackson
founder: false
other-edu: 
personnel: 
grad-edu: 
previous-title: 
current-title: Executive Vice President, Marketing 
first-name: Greg
email: 

undergrad-edu: 
last-name: Joseph
founder: false
other-edu: 
personnel: 
grad-edu: 
previous-title: 
current-title: Senior Vice President, Human Resources
first-name: Deborah
email: 

undergrad-edu: 
last-name: Klein
founder: false
other-edu: 
personnel: 
grad-edu: 
previous-title: 
current-title: Senior Vice President, Sales and Marketing
first-name: Laura
email: 

undergrad-edu: 
last-name: Martin
founder: false
other-edu: 
personnel: 
grad-edu: 
previous-title: 
current-title: Senior Vice President and General Manager
first-name: Marjorie L. 
email: 

undergrad-edu: 
last-name: Roberts
founder: false
other-edu: 
personnel: 
grad-edu: 
previous-title: 
current-title: Senior Vice President of Marketing
first-name: Mark
email: 

undergrad-edu: 
last-name: Shapiro
founder: false
other-edu: 
personnel: 
grad-edu: 
previous-title: 
current-title: Executive Vice President and General Counsel
first-name: Alan
email: 

undergrad-edu: 
last-name: Sheikholeslami
founder: false
other-edu: 
personnel: 
grad-edu: 
previous-title: 
current-title: Executive Vice President and Chief Product Officer
first-name: Goli
email: 

undergrad-edu: 
last-name: Wolf
founder: false
other-edu: 
personnel: 
grad-edu: 
previous-title: 
current-title: Executive Vice President, Sales
first-name: Scott
email: 
",,"Content, Patient/Consumer Communities, Self Management tools , "
FatSecret,http:www.fatsecret.com/,"FatSecret is an online diet, nutrition and weight loss community that harnesses the collective contributions of members to generate practical and motivating information so that people can make better decisions to achieve their goals. ",,true,,,"undergrad-edu: 
last-name: 
founder: 
other-edu: 
personnel: 
grad-edu: 
previous-title: 
current-title: 
first-name: 
email: 
",,"Patient/Consumer Communities, Content, Wellness, "
Go Red Heart CheckUp,www.goredforwomen.org,This free American Heart Association......s Go Red For Women assessment uses values from your Google Health profile to estimate your risk of having a heart attack or dying from heart disease over the next 10 years.,,true,,,"undergrad-edu: 
last-name: 
founder: 
other-edu: 
personnel: 
grad-edu: 
previous-title: 
current-title: 
first-name: 
email: 
",,"Patient/Consumer Communities, Content, Self Management tools , "
Healia,www.healia.com,Healia is a patent-pending health-optimized search engine and online health community that guides people to trusted health information and personal support so that they can make the best health decisions for themselves and their loved ones. Owned by publisher Meridth.,,false,,,"undergrad-edu: 
last-name: 
founder: 
other-edu: 
personnel: 
grad-edu: 
previous-title: 
current-title: 
first-name: 
email: 
",,"Patient/Consumer Communities, Search, Provider Search, Wellness, Content, "
Healthy Circles,www.healthycircles.com,Healthy Circles is a free Personal Health Record that allows for the storage and management of health information. ,,true,,,"undergrad-edu: 
last-name: 
founder: 
other-edu: 
personnel: 
grad-edu: 
previous-title: 
current-title: 
first-name: 
email: 
",,"Personal health assessments , Self Management tools , Patient/Consumer Communities, Search,  Financial management , Content, Wellness, Coaching and Advisory Services, Patient-provider communication, "
iGuard,www.iguard.org,"iGuard is a community of over 1.5 million patients who......ve recorded their drug information and comment about their experiences. iGuard provides its members with safety ,,,,, recall notices.",,true,"date: 
partnership: 
description: Verispan, LLCVerispan provides iGuard with data used to support our risk ratings and drug information. 
name: 

date: 
partnership: 
description: Microsoft® HealthVault™:Microsoft® HealthVault™ is an open platform designed to put you in control of your health information. HealthVault enables the exchange of data among different health solutions and devices-giving you easy access to and more control over your health information. 
name: 

date: 
partnership: 
description: Verispan, LLCVerispan provides iGuard with data used to support our risk ratings and drug information. 
name: 

date: 
partnership: 
description: Verispan, LLCVerispanVerispan provides a broad array of information products and services to the healthcare industry, including market research audits
name: 
",,"undergrad-edu: 
last-name: Stephenson
founder: true
other-edu: 
personnel: 
grad-edu: 
previous-title: 
current-title: Founder 
first-name: Hugo
email: 

undergrad-edu: 
last-name: Cascade
founder: false
other-edu: 
personnel: 
grad-edu: 
previous-title: 
current-title: Head of Operations
first-name: Elisa
email: 

undergrad-edu: 
last-name: DolceAmore
founder: false
other-edu: 
personnel: 
grad-edu: 
previous-title: 
current-title: Director of Partner Development
first-name: Al
email: 

undergrad-edu: 
last-name: Plummer
founder: false
other-edu: 
personnel: 
grad-edu: 
previous-title: 
current-title:  Head of Medical Information 
first-name: Cassie
email: 

undergrad-edu: 
last-name: Gillings
founder: false
other-edu: 
personnel: 
grad-edu: 
previous-title: 
current-title: Head of Marketing
first-name: Les
email: 
",,"Patient/Consumer Communities, Self Management tools , "
Keas,www.keas.com,"Keas is a platform on which clinicians and others can write careplans for patients. No two plans are alike. Plans are constantly tuned based on their goals, health data, progress, and input. Keas has a partnership with Quest for bringing in lab results. ",,false,,,"undergrad-edu: 
last-name: Bosworth
founder: true
other-edu: 
personnel: 
grad-edu: 
previous-title: 
current-title: CEO, President
first-name: Adam
email: 

undergrad-edu: 
last-name: Greene
founder: false
other-edu: 
personnel: 
grad-edu: 
previous-title: 
current-title: Chief Content Officer
first-name: Sarah
email: 

undergrad-edu: 
last-name:  Berman
founder: false
other-edu: 
personnel: 
grad-edu: 
previous-title: 
current-title: Director Medical Programs
first-name: Mark
email: 

undergrad-edu: 
last-name: Volckmann
founder: false
other-edu: 
personnel: 
grad-edu: 
previous-title: 
current-title: Business Development Manager
first-name: Lindsey
email: 

undergrad-edu: 
last-name: Kassabgi
founder: true
other-edu: 
personnel: 
grad-edu: 
previous-title: 
current-title: 
first-name: George 
email: 
",,"Patient/Consumer Communities, Search, Content, Personal health assessments , Self Management tools , Wellness, "
LIVESTRONG.COM,www.livestrong.com,"LIVESTRONG.COM is an online health, fitness and lifestyle destination built by Demand Media and the Lance Armstrong Foundation built. Through its content, interactive tools--such as the Daily Plate--and online community, LIVESTRONG.COM helps people take action to make the most of their life, their time, their body and their world.",,true,,,"undergrad-edu: 
last-name: 
founder: 
other-edu: 
personnel: 
grad-edu: 
previous-title: 
current-title: 
first-name: 
email: 
",,"Patient/Consumer Communities, Content, Self Management tools , "
PatientsLikeMe,www.patientslikeme.com,"PatientsLikeMe is an online health community for patients with life-changing conditions. PatientsLikeMe creates new knowledge by charting the real-world course of disease through the shared experiences of patients with ALS, multiple sclerosis, Parkinson......s, Epilepsy, HIV/AIDS, mood disorders, and organ transplants.",,true,,,"undergrad-edu: 
last-name: Heywood
founder: true
other-edu: 
personnel: 
grad-edu: 
previous-title: 
current-title: Chairman
first-name: Jamie
email: 

undergrad-edu: 
last-name: Heywood
founder: true
other-edu: 
personnel: 
grad-edu: 
previous-title: 
current-title: President
first-name: Ben
email: 

undergrad-edu: 
last-name: Cole
founder: true
other-edu: 
personnel: 
grad-edu: 
previous-title: 
current-title: 
first-name: Jeff
email: 

undergrad-edu: 
last-name: S. Williams III
founder: false
other-edu: 
personnel: 
grad-edu: 
previous-title: 
current-title: Chief Marketing Officer, Head of Business Development
first-name: David 
email: 

undergrad-edu: 
last-name: Wicks
founder: false
other-edu: 
personnel: 
grad-edu: 
previous-title: 
current-title: R and D Director
first-name: Paul
email: 
",,"Patient/Consumer Communities, Self Management tools , "
Plus3 Network,www.plus3network.com,"Plus 3 Network is a mobile, GPS-enhanced social network that connects people with corporate sponsors and causes for personal fitness and charitable giving.",,true,,,"undergrad-edu: 
last-name: Sutton
founder: 
other-edu: 
personnel: 
grad-edu: 
previous-title: 
current-title: CEO
first-name: Rick
email: 
",,"Wellness, Patient/Consumer Communities, "
Second Life,www.secondlife.com,"Second Life is a free 3D virtual world where users can socialize, connect and create using free voice and text chat.  Second Life maintains a group/mailing list of people who are interested in using it for healthcare support and education.",,true,,,"undergrad-edu: 
last-name: Kreuger
founder: 
other-edu: 
personnel: 
grad-edu: 
previous-title: 
current-title: Gentle Heron
first-name: Alice
email: 
",,"Patient/Consumer Communities, "
Social Kinetics,,,,false,,,"undergrad-edu: 
last-name: Villa
founder: 
other-edu: 
personnel: 
grad-edu: 
previous-title: 
current-title: 
first-name: Joseph
email: 
",,"Patient/Consumer Communities, "
MyRegence.com,www.myregence.com,"MyRegence.com is a patient portal from Regence BCBS advising members on health care and lifestyle options, navigate them through the health care system and reward those who make healthier choices. ",,true,,,"undergrad-edu: 
last-name: Gifford
founder: 
other-edu: 
personnel: 
grad-edu: 
previous-title: 
current-title: Senior Medical Director
first-name: Joe
email: 
",,"Patient/Consumer Communities, Content, Self Management tools , "
TurnFirst.org,www.turnfirst.org,TurnFirst.org is site about multiple scleloris from The TurnFirst Foundation. It includes physician content and patient communities.,,true,,,"undergrad-edu: 
last-name: 
founder: 
other-edu: 
personnel: 
grad-edu: 
previous-title: 
current-title: 
first-name: 
email: 
",,"Patient/Consumer Communities, Content, "
TuDiabetes,www.tudiabetes.com,"TuDiabetes.com and EsTuDiabetes.com are communities for people touched by diabetes. Both are run by the Diabetes Hands Foundation. They also have created the tracking function called TuAnalyze, and the Facebeook game HealthSeeker.",,true,,,"undergrad-edu: 
last-name: Hernandez
founder: true
other-edu: 
personnel: 
grad-edu: 
previous-title: 
current-title: CEO
first-name: Manny 
email: 
",,"Patient/Consumer Communities, "
WebMD,http:www.webmd.com,"WebMD is one of the best known health and medical content networks on the Web. It includes WebMD for consumers, Medscape for professionals, and WebMD Health Services, which supplies consumer tools and data integration services for health plans and employers.",,true,,,"undergrad-edu: 
last-name: Gattinella
founder: 
other-edu: 
personnel: 
grad-edu: 
previous-title: 
current-title: 
first-name: Wayne 
email: 
",,"Patient/Consumer Communities, Professional Knowledge Exchanges, Content, Provider Search, Personal health assessments , Self Management tools , Data Utility Layer, "
WeGo,http:www.wegohealth.com,"WeGo is an online community for health activists. Health social media opinion leaders join WeGo to learn from each other, share opinions with health companies, and gain special access to experts, tools, and events.",,true,,,"undergrad-edu: 
last-name: Barrette
founder: 
other-edu: 
personnel: 
grad-edu: 
previous-title: 
current-title: CEO
first-name: Jack
email: 
",,"Patient/Consumer Communities, "
Wellsphere,www.wellsphere.com,"Wellsphere provides WellPages, which enable people to quickly and efficiently find comprehensive, personal answers and support for their specific health needs. They also offer an innovative suite of tools  to enable users to take steps to improve their health. Wellsphere was acquired by Healthcentral in 2008.",,true,,,"undergrad-edu: 
last-name: Gutman
founder: 
other-edu: 
personnel: 
grad-edu: 
previous-title: 
current-title: CEO
first-name: Ron
email: 
",,"Patient/Consumer Communities, Search, Content, Wellness, "
RateADrug.com,www.rateadrug.com,RateAdrug provides a free online source for information on prescription drugs and their side effects.,,true,,,"undergrad-edu: 
last-name: Graham
founder: 
other-edu: 
personnel: 
grad-edu: 
previous-title: 
current-title: 
first-name: Jennifer
email: 
",,"Patient/Consumer Communities, Provider Search, "
Ben......s Friends,www.bensfriends.org,"Patient Communities for people with extremely rare diseases. Links to other non-profit foundations and also runs its won communities on Ning. 7,000 members in 2010.",,true,,,"undergrad-edu: 
last-name: 
founder: 
other-edu: 
personnel: 
grad-edu: 
previous-title: 
current-title: 
first-name: Haley
email: 
",,"Patient/Consumer Communities, "
Pazienti.org,www.pazienti.org,Pazienti.org is an Italian website focusing on patient experience sharing.,,true,,,"undergrad-edu: 
last-name: Passaler
founder: 
other-edu: 
personnel: 
grad-edu: 
previous-title: 
current-title: dr
first-name: Linnea
email: 
",,"Content, Patient/Consumer Communities, "
EURORDIS - European Rare Diseases Organisation,www.eurordis.org,EURORDIS is a non-governmental patient-driven alliance of patient organisations representing more than 423 rare diseases patient organisations in over 43 countries.EURORDIS and its US counterpart NORD have undertaken to build an international online social networking portal (online community and mailing list service for rare disease patients.  ,,true,,,"undergrad-edu: 
last-name: Costello
founder: 
other-edu: 
personnel: 
grad-edu: 
previous-title: 
current-title: Web Communications Officer
first-name: Denis
email: 
",,"Patient/Consumer Communities, Content, "
Atoute.org,www.atoute.org,Atoute.org is a French online community website for patients and medical professionals.  This volunteer site receives a million unique visitors per month and constitutes an exceptional observatory of the evolution of the doctor-patient relationship.,,true,,,"undergrad-edu: 
last-name: Dupagne
founder: 
other-edu: 
personnel: 
grad-edu: 
previous-title: 
current-title: médecin/entrepreneur
first-name: Dominique
email: 
",,"Patient/Consumer Communities, Patient-provider communication, "
Imperative Health,www.milife.com,"Imperative Health is a online coaching system that works with your lifestyle. To change lifestyle behaviour using remote, automated systems that adapt the advice they give to individuals. The service covers physical activity, weight and nutrition. It is for people who have cardiovascular risk factors (high blood pressure, diabetes, high cholesterol) and need to take action.",,true,,,"undergrad-edu: 
last-name: Tomkins
founder: 
other-edu: 
personnel: 
grad-edu: 
previous-title: 
current-title: Chief Operating Officer
first-name: Chris 
email: 
",,"Patient/Consumer Communities, Content, Personal health assessments , Self Management tools , Wellness, Coaching and Advisory Services, "
vivu health and wellness,www.vi.vu,"www.vi.vu is a Spain-based health network offering professionals and healthcare providers a system for referencing and recommendation based on their professional profile and their activity in the network. In the network, physicians act as mediators of information. vi.vu permits any member to build his own team of professionals which provides useful information and counsel, either publicly or privately.",,true,,,"undergrad-edu: 
last-name: Parada
founder: 
other-edu: 
personnel: 
grad-edu: 
previous-title: 
current-title: vi.vu your health network with health professionals
first-name: Ignacio
email: 
",,"Patient/Consumer Communities, Patient-provider communication, "
imedo GmbH,www.imedo.de,"imedo features include a very popular doctors rating service, treatment ratings, support group listings as well as many typical web 2.0 interaction-oriented features like personal messaging, user profiles and many more. This is a German webpage.",,true,,,"undergrad-edu: 
last-name: Angele
founder: 
other-edu: 
personnel: 
grad-edu: 
previous-title: 
current-title: CEO
first-name: Christian
email: 
",,"Patient/Consumer Communities, Search, Provider Search, Coaching and Advisory Services, Privacy and Identity, Patient-provider communication, "
Webbeteg,www.webbeteg.hu,"Webbeteg has portfolio of branded and white-labeled content portals aimed at patients, and physicians in Hungary. These include the largest patient education and health communication portal www.webbeteg.hu, its teenager version www.kamaszpanasz.hu and the physicians...... site www.drportal.hu, Clients include sanofi-aventis, Pfizer, Servier and TEVA.",,true,,,"undergrad-edu: 
last-name: Gyarmati
founder: 
other-edu: 
personnel: 
grad-edu: 
previous-title: 
current-title: Founder
first-name: Gabor
email: 
",,"Patient/Consumer Communities, Content, Professional Knowledge Exchanges, "
Orange Healthcare,http:www.tendance-sante.fr/,"Tendance Santé is a health and wellness site with full print, web and mobile convergence, innovative on line  ehealth care services including Iphone applications and moderated and enriched communities.",,true,,,"undergrad-edu: 
last-name: Chardot
founder: 
other-edu: 
personnel: 
grad-edu: 
previous-title: 
current-title: Health and Wellness portal Director
first-name: Francois
email: 
",,"Content, Patient/Consumer Communities, "
ACOR,,"The heart of ACOR is a large collection of cancer-related Internet mailing lists, which delivered over 1.5 million e-mail messages last week to subscribers across the globe. qqqqqqqq hdfhdfrgrey  rgefg thdh",,true,,"date-launched: 
product: 
description: dfhdh
name: ravi 
","undergrad-edu: 
last-name: 
founder: false
other-edu: 
personnel: 
grad-edu: 
previous-title: 
current-title: 
first-name: Ravi
email: rshakyawar@systematixtechnocrates.com
",,"Patient/Consumer Communities, "
Accidental Sisterhood,http:www.accidentalsisterhood.com,"Accidental Sisterhood are dedicated to educating women on all things Pelvic Floor Health related. They provide info on overactive bladder, incontinence and other conditions that over 34 million women deal with daily.",,true,,,,,"Patient/Consumer Communities, Content, "
Addiction Survivors ,http:www.addictionsurvivors.org,AddictionSurvivors.org is a not-for-profit organization dedicated to providing peer support communities for those with addiction disorders and their families and friends. These forums are funded in whole by individuals whose lives have been touched by addiction in one way or another.,,true,,,,,"Patient/Consumer Communities, "
ADHD News Forum,http:www.adhdnews.com,ADHDNews.com is a patient community providing help to thousands of families looking for help on ADHD,,true,,,,,"Patient/Consumer Communities, "
Ask a Patient,http:www.askapatient.com,Ask a Patient provides drug ratings and reviews on almost all prescription products.,,true,,,,,"Patient/Consumer Communities, "
Autism 151,http:www.autism151.com,"Autism 151 is a campaign to pull our community together and offer a brighter, more positive view of autism. Features videos shared by the community.",,true,,,,,"Patient/Consumer Communities, "
Body1,http:www.body1.com,"Body1 is a premier medical education and marketing company that educates targeted populations and provides interactive marketing tools for pharmaceutical, medical device manufacturers and biotechnology organizations.",,true,,,,,"Patient/Consumer Communities, "
BreastCancer.org,http:www.breastcancer.org,"Breastcancer.org is a nonprofit organization dedicated to providing the most reliable, complete, and up-to-date information about breast cancer.",,true,,,,,"Patient/Consumer Communities, "
Cancer Compass,http:www.cancercompass.com,"Cancer Compass provides a community of more than 15,000 people connected to the latest cancer news, cancer information, decision support resources, and most importantly, each other.",,true,,,,,"Patient/Consumer Communities, Content, "
Cancer Survivors Network ,http:csn.cancer.org,"As part of the American Cancer Society’s website at cancer.org Cancer Survivors Network provides discussion boards to post questions, answers, or comments about various aspects of your cancer experience such as diagnosis, treatment, relationships, or taking care of someone with cancer.",,true,,,,,"Patient/Consumer Communities, Content, "
CancerTV,http:www.cancertv.net,"CancerTV is the destination to share information and learn about cancer across the web. They encourage people to post their own original programming and share your experiences in our members’ forum. Institutions can also contribute content, such as educational videos, for broadcast to their global, connected audience.",,true,,,,,"Patient/Consumer Communities, Content, "
Circle Of Sharing,https:circleofsharing.cancer.org,"Circle Of Sharing helps cancer patients and their caregivers get personalized information about the disease, and share that information with family and friends. You can create a Circle Of Sharing for yourself, or create one on behalf of someone you’re caring for.",,true,,,,,"Patient/Consumer Communities, Content, "
Crazy Sexy Life,http:my.crazysexylife.com,"Crazy Sexy Life is an online community health hub filled with compassion, knowledge, and an anything-is-possible spirit.",,true,,,,,"Patient/Consumer Communities, "
Crohn’s and Colitis Foundation of America,http:www.ccfacommunity.org,Crohn’s and Colitis Foundation of America is a non-profit foundation site featuring discussion groups and forums.,,true,,,,,"Patient/Consumer Communities, "
CysticFibrosis.com,http:www.cysticfibrosis.com,"CysticFibrosis.com consists of patients and families from all over the world, sharing their experiences with CF. They are joined together to grow our knowledge and reach amazing goals. ",,true,,,,,"Patient/Consumer Communities, Content, "
Depression Forums,http:www.depressionforums.org,Depression Forums.org is a community support website soley dedicated to Depression and Mental Health.,,true,,,,,"Patient/Consumer Communities, "
Depression Tribe,http:www.depressiontribe.com,Depression Tribe offers members a depression support community and content about depression. ,,true,,,,,"Patient/Consumer Communities, "
Depression Understood,http:www.depression-understood.org,"Depression Understood is an online support community for those with depression, anxiety and other mood related issues offering forums and chat rooms. ",,true,,,,,"Patient/Consumer Communities, "
Diabetes1,http:www.diabetes1.org,"Diabetes1 offers information on diabetes and insulin, videos, diabetic care tools and active forums. ",,true,,,,,"Patient/Consumer Communities, Content, Self Management tools , "
Epilepsy.com,http:www.epilepsy.com,"Epilepsy.com provides an online support community in addition to information about epilepsy and self help tools to locate doctors, clinical trials or share videos and diaries. ",,true,,,,,"Patient/Consumer Communities, Content, Clinical trials search , Provider Search, "
Healing Well,www.healingwell.com,"HealingWell.com is a social network and support community for patients, caregivers, and families coping with the daily struggles of diseases, disorders and chronic illness. ",,true,,,,,"Patient/Consumer Communities, "
HealthBoards,http:www.healthboards.com,"HealthBoards provides a support group community offering over 150 message boards on various diseases, conditions, and health topics. The HealthBoards community is one of the largest and most dynamic on the Web, with over 400,000 registered members, and over 3 million messages posted.",,true,,,,,"Patient/Consumer Communities, "
Know Cancer,http:www.knowcancer.com/community,"The Know Cancer Community is a cancer social network where patients can connect to others, shares stories and find support.",,true,,,,,"Patient/Consumer Communities, "
MD Circle,http:www.mdcircle.com,MD Circle provides a place where MDs are rated so that patients can find trusted doctors and doctors can publish their profile online. ,,true,,,,,"Patient/Consumer Communities, Search, "
MD Junction,http:www.mdjunction.com,"MDJunction is an active center for Online Support Groups, a place where thousands of patients meet every day to discuss their feelings, questions and hopes with like minded friends.",,true,,,,,"Patient/Consumer Communities, "
Metabolic Body Odor Community,http:bodyodorsupport.com,Metabolic Body Odor Community is a community entirely focused on support around metabolic disorders that cause body odor.,,true,,,,,"Patient/Consumer Communities, "
MyBreastCancerNetwork.com,http:www.healthcentral.com/breast-cancer,MyBreastCancerNetwork.com is a breast cancer focused information and support community from HealthCentral.,,true,,,,,"Patient/Consumer Communities, "
My Cancer Place,http:www.mycancerplace.com,"My Cancer Place is a place to join a community of people with cancer, share information, give and receive support, learn from the experiences of others, and create a free web page with text and photos that you can change anytime.",,true,,,,,"Patient/Consumer Communities, "
National Keratoconus Foundation Forum,http:www.nkcf.org/resources/nkcf-forum.html,"National Keratoconus Foundation Forum provide information and support for people diagnosed with keratoconus and their families through a forum and an email-based discussion group, KC Link.",,true,,,,,"Patient/Consumer Communities, Content, "
ObesityHelp,http:www.obesityhelp.com,"ObesityHelp is a Bariatrics support community for patients and professionals. ObesityHelp has been at the forefront of patient support and education, providing our over 600,000 members with the most comprehensive industry information available. ",,true,,,,,"Patient/Consumer Communities, Content, "
Patientsville,http:www.patientsville.com,Patientsville.com is an information source of side effect information providing knowledge about side effects of prescription and off-the-shelf medications.,,true,,,,,"Patient/Consumer Communities, patient communities - independent, "
Planet Cancer,http:www.planetcancer.org,Planet Cancer is a community of young adults with cancer.,,false,,,,,"Patient/Consumer Communities, patient communities - independent, "
PolioToday,http:poliotoday.org,"PolioToday.org is published by the Salk Institute for Biological Studies and is designed to raise awareness of post-polio syndrome and to be a resource for polio survivors through videos, a patient community and news. ",,true,,,,,"Patient/Consumer Communities, patient communities - independent, "
PrescriptionDrug-Info.com,http:www.prescriptiondrug-info.com,PrescriptionDrug-Info.com IS A community where people can share personal experiences with prescription drugs. ,,true,,,,,"Patient/Consumer Communities, patient communities - independent, "
"""ANGELI NOONAN"" Italian patients' association for the Noonan Syndrome Non profit org",www.angelinoonan.it,"we take care of 5 main aspects:1) Divulgate the information on Noonan Syndrome and related syndromes (CFC, Costello, Leopard), promoting through all media and all techologies (web, social network, press, television): the results on research, the development of new laws or regulations, the innovation in terms of patient care or assistance. And helping people to get connected along a world wide network.2) Give families psychological support and assistance3) Support the scientific research4) Give social and legal support to people affected5) Empower people involved in patients' care",,false,,,"undergrad-edu: 
last-name: petroni
founder: 
other-edu: 
personnel: 
grad-edu: 
previous-title: 
current-title: vice-president, treasurer
first-name: angelo
email: 
",,"Patient/Consumer Communities, "
HBR Labs,www.hbrlabs.com,"HBR Labs creates and deploys real time web enabled interactive live help and live content share platforms so that content providers, businesses and experts can offer online support, relevant information, and an enhanced environment to share content. ",,false,,"date-launched: 
product: 
description: VeriShow.com is an advanced plug-in that enables website owners to conduct real-time web meetings - incorporating voice and video conferencing - and share documents online with site visitors.
name: www.verishow.com

date-launched: 
product: 
description: LiveMDexpert is a website where patients can seek general health information through free public forum or schedule “one on one” live video-based sessions with health providers for a fee.  
name: www.livemdexpert.com
","undergrad-edu: 
last-name: Moed
founder: 
other-edu: 
personnel: 
grad-edu: 
previous-title: 
current-title: Ceo
first-name: Yuval
email: 
",,"Patient/Consumer Communities, Content, Coaching and Advisory Services, Patient-provider communication, "
Caringforyourheart.org,www.caringforyourheart.org,"Caringforyourheart.org brings together medical and Islamic advice to help individuals improve their cardiovascular health. On the website, individuals can identify healthy recipes, watch educational films, share experiences with other patients suffering from heart disease, and find information on local exercise, cooking and patient groups.",,false,,,"undergrad-edu: 
last-name: Mohammed
founder: 
other-edu: 
personnel: 
grad-edu: 
previous-title: 
current-title: Mr
first-name: Raheel 
email: 
",,"Patient/Consumer Communities, Search, Wellness, "
Medigenesis Autism360,autism360.org,Autism360.org is a non-profit providing a web-based tool allowing users to enter information about their child......s individual experience with autism. The autism360 algorithm offers users treatment options that have worked for others with closely matching records.,,false,,,"undergrad-edu: 
last-name: Baker
founder: true
other-edu: 
personnel: 
grad-edu: 
previous-title: 
current-title: CVO
first-name: Sidney
email: 
",,"Patient/Consumer Communities, Self Management tools , Coaching and Advisory Services, "
Navigating Cancer,www.navigatingcancer.com,"Navigating Cancer provides comprehensive resources and tools to help patients track and manage their cancer, including patient discussions communities. Navigating Cancer partners with cancer clinics to provide EMR-integrated, Meaningful Use applications designed to streamline the patient intake process for new patients.",,false,,,"undergrad-edu: 
last-name: Cook
founder: true
other-edu: 
personnel: 
grad-edu: 
previous-title: 
current-title: CEO
first-name: Gena
email: 
",,"Patient/Consumer Communities, Content, B2B--Administrative Tools, Patient-provider communication, "
iMobileWellness,www.imobilewellness.com,"iMobileWellness provides medical information and mobile applications (iPod/iPhone/iPad) to patients and physicians to enhance pre, peri and post-operative decision-making surrounding cardiovascular conditions. iMobileWellness also supports online community for cardiac surgery patients and provides a physician directory to help patients identify doctors.",,false,,,"undergrad-edu: 
last-name: Huff
founder: 
other-edu: 
personnel: 
grad-edu: 
previous-title: 
current-title: Chief Marketing Officer
first-name: Bob
email: 
",,"Provider Search, Content, Patient/Consumer Communities, "
HealthRT,www.healthrt.com,"HealthRT is an online Twitter-based health community allowing users to connect with others, share their health related discoveries, and track their health concerns. Users can create their own online health record and share information through health surveys.",,false,,,"undergrad-edu: 
last-name: Cherry
founder: true
other-edu: 
personnel: 
grad-edu: TCU
previous-title: 
current-title: CEO
first-name: Lynn
email: 
",,"Patient/Consumer Communities, Content, Wellness, Self Management tools , Search, "
